-0.0149519,-1.51848e-008
-0.0683062,-1.6401e-008
-0.121466,-1.45618e-008
-0.174279,-1.57348e-008
-0.226596,-1.3853e-008
-0.278265,-1.49827e-008
-0.329142,-1.30585e-008
-0.37908,-1.41456e-008
-0.427937,-1.21802e-008
-0.475574,-1.32264e-008
-0.521854,-1.12218e-008
-0.566647,-1.22294e-008
-0.609823,-1.01881e-008
-0.651261,-1.11597e-008
-0.690841,-9.08479e-009
-0.728451,-1.00237e-008
-0.763984,-7.91845e-009
-0.797339,-8.82822e-009
-0.82842,-6.69624e-009
-0.857138,-7.58062e-009
-0.883412,-5.42585e-009
-0.907167,-6.28884e-009
-0.928335,-4.11536e-009
-0.946856,-4.96115e-009
-0.962676,-2.77322e-009
-0.975752,-3.60612e-009
-0.986045,-1.4081e-009
-0.993526,-2.23254e-009
-0.998174,-2.88872e-011
-0.999975,-8.49333e-010
-0.998925,1.35545e-009
-0.995026,5.34478e-010
-0.988291,2.73588e-009
-0.978736,1.90989e-009
-0.966391,4.10342e-009
-0.95129,3.26794e-009
-0.933476,5.44919e-009
-0.913,4.59984e-009
-0.889921,6.76445e-009
-0.864303,5.89696e-009
-0.836222,8.04075e-009
-0.805755,7.151e-009
-0.772991,9.26992e-009
-0.738023,8.354e-009
-0.70095,1.04442e-008
-0.661878,9.49845e-009
-0.620919,1.15565e-008
-0.578189,1.05774e-008
-0.533811,1.25999e-008
-0.48791,1.15846e-008
-0.440618,1.35688e-008
-0.392069,1.25146e-008
-0.342402,1.44581e-008
-0.291759,1.33629e-008
-0.240284,1.52641e-008
-0.188123,1.41266e-008
-0.135427,1.59845e-008
-0.0823435,1.48044e-008
-0.0290259,1.66193e-008
0.0243748,1.53989e-008
0.0777057,1.7182e-008
0.130815,1.59945e-008
0.183551,1.82873e-008
0.235764,2.11619e-008
0.287302,5.32988e-008
0.338001,2.66871e-007
0.387612,1.72047e-006
0.435347,1.07988e-005
0.478156,5.63193e-005
0.51031,0.000193678
0.531126,0.000428344
0.54484,0.000717096
0.554553,0.00102804
0.561893,0.00134389
0.567689,0.00165532
0.572426,0.0019565
0.576339,0.00224409
0.579635,0.00251512
0.582435,0.00276753
0.584819,0.00299971
0.586848,0.00321034
0.588564,0.00339835
0.590001,0.00356282
0.591181,0.00370301
0.592124,0.00381829
0.592843,0.00390819
0.593347,0.00397233
0.593644,0.00401044
0.593736,0.00402238
0.593626,0.0040081
0.593311,0.00396765
0.592788,0.0039012
0.592049,0.00380901
0.591085,0.00369148
0.589883,0.00354909
0.588423,0.00338249
0.58668,0.00319242
0.584621,0.00297981
0.582201,0.00274577
0.579359,0.00249165
0.57601,0.00221909
0.572029,0.00193018
0.567232,0.0016277
0.561329,0.00131551
0.553798,0.000999849
0.543805,0.000690076
0.529619,0.000404491
0.507945,0.000176945
0.47469,4.92127e-005
0.43121,9.16882e-006
0.383237,1.41959e-006
0.333511,1.93496e-007
0.282729,1.15179e-008
0.231124,-1.23781e-008
0.178859,-1.70477e-008
0.126083,-1.58724e-008
0.0729475,-1.70896e-008
0.0196038,-1.54237e-008
-0.0337954,-1.65424e-008
-0.0870986,-1.48285e-008
-0.140153,-1.59039e-008
-0.192808,-1.41475e-008
-0.244913,-1.51796e-008
-0.29632,-1.33806e-008
-0.346882,-1.43698e-008
-0.396455,-1.25291e-008
-0.444896,-1.34768e-008
-0.49207,-1.15962e-008
-0.53784,-1.25044e-008
-0.582076,-1.05862e-008
-0.624653,-1.14576e-008
-0.665448,-9.5047e-009
-0.704346,-1.03424e-008
-0.741235,-8.35798e-009
-0.77601,-9.16536e-009
-0.808573,-7.15302e-009
-0.838829,-7.93378e-009
-0.866694,-5.89734e-009
-0.892087,-6.65542e-009
-0.914937,-4.5989e-009
-0.935177,-5.33843e-009
-0.95275,-3.26605e-009
-0.967607,-3.9913e-009
-0.979704,-1.90739e-009
-0.989007,-2.62276e-009
-0.995491,-5.31749e-010
-0.999135,-1.2417e-009
-0.99993,8.51927e-010
-0.997874,1.42893e-010
-0.992972,2.23462e-009
-0.985239,1.52199e-009
-0.974696,3.60732e-009
-0.961374,2.88662e-009
-0.94531,4.96111e-009
-0.92655,4.22792e-009
-0.905148,6.28719e-009
-0.881165,5.53721e-009
-0.85467,7.57701e-009
-0.825737,6.80607e-009
-0.794449,8.82231e-009
-0.760896,8.02641e-009
-0.725174,1.00152e-008
-0.687383,9.19058e-009
-0.647632,1.11483e-008
-0.606034,1.02914e-008
-0.562708,1.22147e-008
-0.517777,1.13225e-008
-0.47137,1.32083e-008
-0.423619,1.2278e-008
-0.37466,1.41239e-008
-0.324632,1.31531e-008
-0.273679,1.49571e-008
-0.221945,1.39444e-008
-0.169578,1.57053e-008
-0.116728,1.46499e-008
-0.0635446,1.63676e-008
-0.0101801,1.52704e-008
0.0432132,1.69487e-008
0.0964835,1.58308e-008
0.149478,1.76174e-008
0.202047,1.75798e-008
0.254039,2.76197e-008
0.305301,8.7338e-008
0.355655,5.13183e-007
0.404755,3.32211e-006
0.4513,1.99876e-005
0.490946,9.2159e-005
0.518764,0.000267317
0.536595,0.000525938
0.548616,0.000825451
0.557361,0.00113954
0.564085,0.00145466
0.56946,0.00176306
0.573887,0.00205975
0.577566,0.00234175
0.580675,0.00260642
0.58332,0.00285185
0.585574,0.00307657
0.587488,0.00327933
0.589102,0.00345913
0.590445,0.0036151
0.59154,0.00374657
0.592403,0.00385294
0.593045,0.00393378
0.593476,0.00398876
0.5937,0.00401765
0.593721,0.00402034
0.593538,0.0039968
0.59315,0.00394715
0.592552,0.00387158
0.591735,0.0037704
0.590689,0.00364403
0.589398,0.00349302
0.587841,0.00331804
0.585991,0.0031199
0.583811,0.00289959
0.58125,0.0026583
0.57824,0.00239746
0.574685,0.00211886
0.570441,0.0018248
0.565294,0.00151838
0.5589,0.00120402
0.550619,0.000889128
0.539405,0.000585192
0.523054,0.000315213
0.497652,0.000119186
0.460196,2.8124e-005
0.414576,4.81331e-006
0.365831,7.14481e-007
0.315693,8.97494e-008
0.264601,-4.16589e-009
0.212745,-1.34626e-008
0.160283,-1.81212e-008
0.107362,-1.49413e-008
0.0541364,-1.78827e-008
0.00075543,-1.44443e-008
-0.052627,-1.73165e-008
-0.10586,-1.38341e-008
-0.158791,-1.66628e-008
-0.211269,-1.31381e-008
-0.263144,-1.59231e-008
-0.31427,-1.23563e-008
-0.364498,-1.50982e-008
-0.413688,-1.14904e-008
-0.461698,-1.41906e-008
-0.508391,-1.05437e-008
-0.553634,-1.32045e-008
-0.597299,-9.52084e-009
-0.639261,-1.2145e-008
-0.679399,-8.42754e-009
-0.7176,-1.10182e-008
-0.753755,-7.27021e-009
-0.78776,-9.83084e-009
-0.81952,-6.05592e-009
-0.848941,-8.59024e-009
-0.875943,-4.79228e-009
-0.900446,-7.30428e-009
-0.922381,-3.48733e-009
-0.941686,-5.98118e-009
-0.958306,-2.14947e-009
-0.972193,-4.62946e-009
-0.983308,-7.87343e-010
-0.991619,-3.25788e-009
-0.997102,5.90196e-010
-0.999741,-1.87536e-009
-0.99953,1.97418e-009
-0.996468,-4.90913e-010
-0.990565,3.35559e-009
-0.981837,8.86459e-010
-0.97031,4.72542e-009
-0.956015,2.24779e-009
-0.938994,6.07478e-009
-0.919295,3.58424e-009
-0.896975,7.3949e-009
-0.872097,4.88717e-009
-0.844733,8.67728e-009
-0.814959,6.14822e-009
-0.782861,9.91371e-009
-0.748531,7.35938e-009
-0.712066,1.10964e-008
-0.673571,8.51306e-009
-0.633155,1.2218e-008
-0.590933,9.60223e-009
-0.547027,1.32718e-008
-0.50156,1.06205e-008
-0.454664,1.42518e-008
-0.40647,1.15623e-008
-0.357118,1.51529e-008
-0.306747,1.24231e-008
-0.255501,1.59711e-008
-0.203527,1.31995e-008
-0.150973,1.6704e-008
-0.0979873,1.38901e-008
-0.0447231,1.73511e-008
0.00866923,1.44964e-008
0.0620362,1.79205e-008
0.115227,1.50664e-008
0.168088,1.87535e-008
0.220471,1.81361e-008
0.272223,3.8496e-008
0.323188,1.56951e-007
0.37316,9.92798e-007
0.421609,6.35661e-006
0.466421,3.58215e-005
0.502164,0.000141798
0.525931,0.000351767
0.541331,0.000628727
0.551994,0.000935516
0.559922,0.00125113
0.566112,0.00156456
0.571136,0.00186911
0.575259,0.00216111
0.578722,0.00243726
0.581658,0.00269532
0.584157,0.0029336
0.586286,0.00315069
0.58809,0.00334546
0.589606,0.00351694
0.590859,0.00366433
0.591871,0.003787
0.592654,0.00388441
0.593221,0.00395616
0.593578,0.00400195
0.59373,0.00402159
0.593679,0.00401502
0.593425,0.00398225
0.592963,0.00392343
0.592289,0.00383877
0.591393,0.00372865
0.590262,0.00359352
0.58888,0.00343396
0.587223,0.00325071
0.585261,0.00304462
0.582953,0.00281676
0.580243,0.00256839
0.577054,0.00230105
0.573274,0.0020167
0.568742,0.00171788
0.563204,0.00140805
0.556215,0.00109267
0.54708,0.000779711
0.534383,0.000484358
0.515367,0.000235095
0.485765,7.54261e-005
0.444688,1.54448e-005
0.397589,2.48692e-006
0.348261,3.54242e-007
0.297758,3.55862e-008
0.246378,-1.00823e-008
0.194291,-1.5813e-008
0.141649,-1.67511e-008
0.0886039,-1.62917e-008
0.0353058,-1.63692e-008
-0.018093,-1.57636e-008
-0.0714402,-1.57868e-008
-0.124584,-1.51379e-008
-0.177372,-1.51183e-008
-0.229654,-1.44264e-008
-0.281282,-1.43638e-008
-0.332107,-1.36293e-008
-0.381985,-1.35244e-008
-0.430774,-1.27485e-008
-0.478335,-1.26029e-008
-0.524532,-1.17877e-008
-0.569232,-1.16038e-008
-0.61231,-1.07517e-008
-0.653641,-1.05323e-008
-0.693109,-9.64627e-009
-0.7306,-9.39453e-009
-0.766008,-8.47806e-009
-0.799231,-8.19749e-009
-0.830175,-7.2542e-009
-0.858752,-6.9486e-009
-0.88488,-5.98239e-009
-0.908484,-5.65577e-009
-0.929498,-4.67073e-009
-0.947861,-4.32727e-009
-0.963522,-3.32767e-009
-0.976435,-2.97168e-009
-0.986563,-1.96189e-009
-0.993878,-1.59781e-009
-0.998359,-5.82282e-010
-0.999992,-2.14575e-010
-0.998775,8.02185e-010
-0.994709,1.169e-009
-0.987806,2.18249e-009
-0.978087,2.54391e-009
-0.965578,3.54963e-009
-0.950316,3.9012e-009
-0.932344,4.89474e-009
-0.911714,5.23207e-009
-0.888483,6.2091e-009
-0.862719,6.52793e-009
-0.834495,7.48424e-009
-0.803891,7.78046e-009
-0.770995,8.71203e-009
-0.735899,8.98171e-009
-0.698706,9.88475e-009
-0.65952,1.01242e-008
-0.618453,1.09952e-008
-0.575623,1.1201e-008
-0.531151,1.20367e-008
-0.485165,1.22059e-008
-0.437795,1.30034e-008
-0.389177,1.31334e-008
-0.339449,1.38904e-008
-0.288752,1.39791e-008
-0.237233,1.4694e-008
-0.185037,1.47402e-008
-0.132313,1.5412e-008
-0.0792123,1.54153e-008
-0.0258854,1.60446e-008
0.0275153,1.60074e-008
0.0808375,1.66064e-008
0.133929,1.66111e-008
0.186639,1.77894e-008
0.238816,2.23676e-008
0.290309,5.70623e-008
0.340953,2.97707e-007
0.390486,1.91981e-006
0.438051,1.19871e-005
0.480392,6.13851e-005
0.511815,0.000205133
0.532089,0.00044424
0.5455,0.000735003
0.55504,0.0010466
0.562271,0.0013624
0.567993,0.00167337
0.572676,0.00197383
0.576549,0.00226051
0.579813,0.0025305
0.582586,0.00278176
0.584948,0.0030127
0.586957,0.00322204
0.588656,0.00340868
0.590077,0.00357175
0.591243,0.00371048
0.592172,0.00382429
0.592878,0.00391268
0.593371,0.00397529
0.593655,0.00401187
0.593736,0.00402227
0.593613,0.00400644
0.593286,0.00396446
0.59275,0.00389648
0.591999,0.00380279
0.591022,0.00368378
0.589804,0.00353996
0.588328,0.00337195
0.586568,0.00318053
0.584489,0.00296663
0.582046,0.00273137
0.579177,0.00247611
0.575794,0.00220252
0.571771,0.00191273
0.566919,0.00160956
0.560939,0.00129696
0.553291,0.000981333
0.54311,0.000672367
0.528594,0.000389068
0.506338,0.000166371
0.472358,4.4979e-005
0.428468,8.24577e-006
0.380348,1.26712e-006
0.33055,1.71319e-007
0.279714,7.72255e-009
0.228067,-1.22535e-008
0.175767,-1.76538e-008
0.122966,-1.53067e-008
0.069814,-1.76347e-008
0.0164627,-1.48482e-008
-0.036935,-1.7084e-008
-0.0902279,-1.42506e-008
-0.143263,-1.64429e-008
-0.19589,-1.35672e-008
-0.247958,-1.57159e-008
-0.299319,-1.27979e-008
-0.349827,-1.49035e-008
-0.399337,-1.19441e-008
-0.447708,-1.4008e-008
-0.494802,-1.10089e-008
-0.540486,-1.30332e-008
-0.584628,-9.99688e-009
-0.627103,-1.19842e-008
-0.66779,-8.9135e-009
-0.706572,-1.08669e-008
-0.74334,-7.76508e-009
-0.777988,-9.68807e-009
-0.810417,-6.55864e-009
-0.840535,-8.45489e-009
-0.868257,-5.30169e-009
-0.893502,-7.17516e-009
-0.9162,-4.00224e-009
-0.936285,-5.85705e-009
-0.9537,-2.66861e-009
-0.968395,-4.50906e-009
-0.980329,-1.30944e-009
-0.989467,-3.13991e-009
-0.995784,6.64557e-011
-0.999261,-1.7585e-009
-0.999888,1.45012e-009
-0.997664,-3.73835e-010
-0.992596,2.83254e-009
-0.984696,1.00508e-009
-0.973989,4.2047e-009
-0.960504,2.36926e-009
-0.94428,5.55768e-009
-0.925364,3.70985e-009
-0.903809,6.88271e-009
-0.879676,5.01818e-009
-0.853035,8.17123e-009
-0.823961,6.28584e-009
-0.792538,9.41498e-009
-0.758854,7.50475e-009
-0.723007,1.06061e-008
-0.685097,8.66727e-009
-0.645235,1.17372e-008
-0.603532,9.76628e-009
-0.560108,1.28014e-008
-0.515087,1.07953e-008
-0.468597,1.37927e-008
-0.420771,1.17486e-008
-0.371745,1.47058e-008
-0.321659,1.26214e-008
-0.270656,1.55364e-008
-0.21888,1.34104e-008
-0.166481,1.6282e-008
-0.113607,1.41135e-008
-0.0604091,1.69417e-008
-0.00703859,1.47317e-008
0.0463515,1.75206e-008
0.09961,1.52927e-008
0.152584,1.82084e-008
0.205123,1.72019e-008
0.257076,2.94003e-008
0.30829,9.54493e-008
0.358584,5.73064e-007
0.407587,3.70389e-006
0.453886,2.20858e-005
0.492927,9.94541e-005
0.520045,0.000280669
0.53743,0.000542772
0.549204,0.000843697
0.557804,0.00115815
0.564434,0.00147304
0.569743,0.00178088
0.574121,0.00207678
0.577763,0.00235782
0.580843,0.0026214
0.583463,0.00286566
0.585695,0.00308911
0.587591,0.00329055
0.589188,0.00346897
0.590517,0.00362352
0.591597,0.00375352
0.592447,0.00385841
0.593076,0.00393774
0.593494,0.00399119
0.593707,0.00401854
0.593716,0.00401968
0.593521,0.00399461
0.593121,0.00394342
0.59251,0.00386633
0.59168,0.00376366
0.59062,0.00363583
0.589314,0.00348338
0.587741,0.00330702
0.585872,0.00310755
0.583671,0.00288597
0.581086,0.00264348
0.578047,0.00238154
0.574456,0.00210196
0.570166,0.00180709
0.564957,0.00150006
0.558449,0.00118566
0.550056,0.000870783
0.538614,0.000568069
0.521857,0.000301163
0.495782,0.000110916
0.457673,2.55123e-005
0.411765,4.31598e-006
0.362914,6.36467e-007
0.312712,7.80256e-008
0.26157,-5.53401e-009
0.209675,-1.39099e-008
0.157181,-1.78977e-008
0.104238,-1.51699e-008
0.0509991,-1.76283e-008
-0.00238614,-1.46668e-008
-0.055764,-1.70594e-008
-0.108983,-1.4054e-008
-0.161892,-1.64031e-008
-0.214339,-1.33554e-008
-0.266174,-1.5661e-008
-0.31725,-1.25711e-008
-0.367422,-1.48336e-008
-0.416546,-1.17027e-008
-0.464482,-1.39238e-008
-0.511094,-1.07536e-008
-0.556248,-1.29355e-008
-0.599816,-9.72855e-009
-0.641673,-1.1874e-008
-0.681701,-8.63322e-009
-0.719785,-1.07453e-008
-0.755816,-7.47406e-009
-0.789692,-9.55631e-009
-0.821316,-6.25816e-009
-0.850597,-8.31432e-009
-0.877454,-4.99314e-009
-0.901808,-7.02719e-009
-0.92359,-3.68705e-009
-0.942739,-5.70317e-009
-0.959199,-2.3483e-009
-0.972924,-4.35079e-009
-0.983875,-9.8555e-010
-0.99202,-2.97881e-009
-0.997336,3.92355e-010
-0.999808,-1.59615e-009
-0.999429,1.77644e-009
-0.9962,-2.11829e-010
-0.99013,3.15768e-009
-0.981236,1.16515e-009
-0.969545,4.52709e-009
-0.955088,2.52583e-009
-0.937909,5.87576e-009
-0.918054,3.86136e-009
-0.895582,7.19494e-009
-0.870556,5.16314e-009
-0.843047,8.47613e-009
-0.813134,6.42278e-009
-0.780903,9.71114e-009
-0.746444,7.6323e-009
-0.709857,1.08922e-008
-0.671246,8.78414e-009
-0.63072,1.20119e-008
-0.588396,9.87126e-009
-0.544394,1.30637e-008
-0.49884,1.08873e-008
-0.451863,1.40415e-008
-0.403598,1.18268e-008
-0.354182,1.49403e-008
-0.303755,1.2685e-008
-0.252463,1.5756e-008
-0.20045,1.34589e-008
-0.147866,1.64864e-008
-0.0948603,1.41469e-008
-0.0415844,1.71311e-008
0.0118106,1.47508e-008
0.0651715,1.7699e-008
0.118347,1.53242e-008
0.171184,1.85738e-008
0.223534,1.87206e-008
0.275244,4.07071e-008
0.326158,1.74362e-007
0.376061,1.1081e-006
0.424382,7.07421e-006
0.468838,3.93214e-005
0.503879,0.000151431
0.527023,0.000366664
0.542062,0.000646229
0.552523,0.000953975
0.560327,0.0012697
0.566435,0.00158278
0.5714,0.00188668
0.57548,0.00217782
0.578908,0.00245296
0.581816,0.0027099
0.584292,0.00294697
0.5864,0.00316278
0.588187,0.0033562
0.589687,0.00352628
0.590925,0.00367224
0.591923,0.00379343
0.592693,0.00388934
0.593248,0.00395957
0.593593,0.00400383
0.593733,0.00402193
0.59367,0.00401382
0.593404,0.00397951
0.59293,0.00391916
0.592243,0.003833
0.591333,0.00372139
0.590188,0.0035848
0.588791,0.00342383
0.587117,0.00323921
0.585136,0.00303181
0.582806,0.0028027
0.58007,0.00255317
0.576849,0.00228477
0.573031,0.0019995
0.568447,0.00169991
0.562839,0.00138958
0.555747,0.00107408
0.546451,0.000761653
0.533476,0.000468046
0.513961,0.000222791
0.483632,6.94728e-005
0.442027,1.39344e-005
0.394731,2.2247e-006
0.345319,3.14521e-007
0.294758,2.95514e-008
0.243332,-1.06076e-008
0.191208,-1.61747e-008
0.138539,-1.64854e-008
0.0854742,-1.65447e-008
0.032166,-1.60873e-008
-0.021234,-1.60124e-008
-0.0745734,-1.55024e-008
-0.1277,-1.53841e-008
-0.180463,-1.48314e-008
-0.232711,-1.46701e-008
-0.284295,-1.40744e-008
-0.335069,-1.38704e-008
-0.384887,-1.32326e-008
-0.433607,-1.29871e-008
-0.481092,-1.23089e-008
-0.527204,-1.2024e-008
-0.571813,-1.13076e-008
-0.614791,-1.09858e-008
-0.656016,-1.02341e-008
-0.69537,-9.87839e-009
-0.732742,-9.09454e-009
-0.768023,-8.70838e-009
-0.801115,-7.89593e-009
-0.831922,-7.48295e-009
-0.860357,-6.64569e-009
-0.886339,-6.20979e-009
-0.909793,-5.35174e-009
-0.930652,-4.89703e-009
-0.948858,-4.02237e-009
-0.964358,-3.55312e-009
-0.977108,-2.66618e-009
-0.987071,-2.18676e-009
-0.99422,-1.29195e-009
-0.998534,-8.06825e-010
-1,9.13683e-011
-0.998614,5.77701e-010
-0.994381,1.47476e-009
-0.987312,1.9578e-009
-0.977428,2.84923e-009
-0.964756,3.32447e-009
-0.949334,4.20582e-009
-0.931204,4.66885e-009
-0.910419,5.53573e-009
-0.887037,5.98223e-009
-0.861126,6.83037e-009
-0.83276,7.25615e-009
-0.802018,8.08145e-009
-0.76899,8.48248e-009
-0.733769,9.28103e-009
-0.696455,9.65352e-009
-0.657155,1.04216e-008
-0.615982,1.07621e-008
-0.573051,1.14964e-008
-0.528487,1.18015e-008
-0.482416,1.2499e-008
-0.434968,1.2766e-008
-0.386281,1.34241e-008
-0.336492,1.36507e-008
-0.285743,1.42673e-008
-0.23418,1.44518e-008
-0.181949,1.50257e-008
-0.129199,1.51673e-008
-0.0760802,1.56983e-008
-0.0227448,1.57975e-008
0.0306555,1.62881e-008
0.0839684,1.63586e-008
0.137042,1.69014e-008
0.189724,1.76293e-008
0.241865,2.33204e-008
0.293313,6.16838e-008
0.343902,3.31826e-007
0.393353,2.14244e-006
0.440739,1.32973e-005
0.482587,6.68018e-005
0.51328,0.000216927
0.533029,0.000460309
0.546147,0.000752975
0.555519,0.00106517
0.562643,0.00138089
0.568293,0.00169139
0.572923,0.00199111
0.576756,0.00227688
0.579989,0.00254581
0.582736,0.00279592
0.585076,0.00302563
0.587066,0.00323365
0.588747,0.00341894
0.590152,0.00358059
0.591304,0.00371787
0.59222,0.00383019
0.592913,0.00391708
0.593393,0.00397817
0.593665,0.00401321
0.593734,0.00402206
0.593599,0.0040047
0.59326,0.00396118
0.592712,0.00389168
0.591948,0.00379649
0.590957,0.003676
0.589725,0.00353074
0.588233,0.00336133
0.586455,0.00316856
0.584356,0.00295337
0.58189,0.00271689
0.578993,0.0024605
0.575577,0.0021859
0.571511,0.00189524
0.566602,0.00159139
0.560543,0.00127839
0.552775,0.000962838
0.5424,0.000654743
0.527542,0.00037385
0.504688,0.000156169
0.469991,4.10523e-005
0.425713,7.41143e-006
0.377455,1.13079e-006
0.327585,1.51249e-007
0.276697,4.61289e-009
0.225007,-1.24102e-008
0.172674,-1.79224e-008
0.119847,-1.50709e-008
0.0666797,-1.78488e-008
0.0133214,-1.46034e-008
-0.0400743,-1.72949e-008
-0.0933562,-1.40032e-008
-0.146371,-1.66512e-008
-0.19897,-1.33174e-008
-0.251,-1.59216e-008
-0.302315,-1.25456e-008
-0.352768,-1.51067e-008
-0.402215,-1.16894e-008
-0.450515,-1.42087e-008
-0.49753,-1.0752e-008
-0.543126,-1.32316e-008
-0.587174,-9.7378e-009
-0.629547,-1.21805e-008
-0.670125,-8.65246e-009
-0.708792,-1.10612e-008
-0.745438,-7.50228e-009
-0.779958,-9.88063e-009
-0.812254,-6.29429e-009
-0.842233,-8.64592e-009
-0.869811,-5.03602e-009
-0.894909,-7.36489e-009
-0.917455,-3.73549e-009
-0.937384,-6.04574e-009
-0.95464,-2.40104e-009
-0.969174,-4.69695e-009
-0.980944,-1.04129e-009
-0.989917,-3.32727e-009
-0.996067,3.34919e-010
-0.999376,-1.94559e-009
-0.999836,1.71863e-009
-0.997445,-5.60919e-010
-0.992209,3.10083e-009
-0.984144,8.17734e-010
-0.973272,4.47251e-009
-0.959625,2.18139e-009
-0.943242,5.82475e-009
-0.924168,3.52121e-009
-0.90246,7.14877e-009
-0.878177,4.8285e-009
-0.851391,8.43605e-009
-0.822176,6.09489e-009
-0.790618,9.67832e-009
-0.756804,7.31229e-009
-0.720833,1.08677e-008
-0.682806,8.47309e-009
-0.642832,1.19969e-008
-0.601024,9.57018e-009
-0.557503,1.3059e-008
-0.512392,1.05971e-008
-0.46582,1.4048e-008
-0.417919,1.15481e-008
-0.368827,1.49587e-008
-0.318683,1.24186e-008
-0.26763,1.57868e-008
-0.215814,1.32051e-008
-0.163383,1.65298e-008
-0.110485,1.39057e-008
-0.057273,1.71869e-008
-0.00389702,1.45216e-008
0.0494895,1.77637e-008
0.102735,1.50835e-008
0.155688,1.84736e-008
0.208197,1.71731e-008
0.26011,3.10023e-008
0.311276,1.04938e-007
0.361508,6.39625e-007
0.41041,4.12889e-006
0.456448,2.43806e-005
0.494863,0.00010714
0.521266,0.000294564
0.538244,0.000559737
0.549782,0.000861986
0.55824,0.00117675
0.564778,0.0014914
0.570024,0.00179866
0.574353,0.00209375
0.577959,0.00237383
0.581009,0.00263632
0.583605,0.00287939
0.585815,0.00310158
0.587693,0.00330169
0.589274,0.00347873
0.590587,0.00363186
0.591654,0.00376039
0.59249,0.00386378
0.593107,0.0039416
0.593513,0.00399352
0.593713,0.00401933
0.59371,0.00401893
0.593503,0.00399232
0.593091,0.0039396
0.592467,0.003861
0.591624,0.00375683
0.59055,0.00362753
0.589229,0.00347366
0.587639,0.00329591
0.585753,0.00309511
0.58353,0.00287227
0.580921,0.00262859
0.577853,0.00236556
0.574224,0.00208502
0.569887,0.00178933
0.564615,0.0014817
0.558015,0.00116706
0.549482,0.000852477
0.537806,0.000551064
0.520628,0.000287378
0.493867,0.000103039
0.455123,2.31187e-005
0.408946,3.86863e-006
0.359992,5.66512e-007
0.309727,6.77322e-008
0.258536,-6.92122e-009
0.206602,-1.41434e-008
0.154078,-1.786e-008
0.101113,-1.52087e-008
0.0478613,-1.75629e-008
-0.0055277,-1.47001e-008
-0.0589005,-1.69912e-008
-0.112106,-1.40847e-008
-0.164991,-1.63325e-008
-0.217406,-1.33836e-008
-0.269201,-1.55878e-008
-0.320228,-1.25968e-008
-0.370342,-1.4758e-008
-0.4194,-1.17259e-008
-0.467262,-1.38458e-008
-0.513792,-1.07745e-008
-0.558856,-1.28553e-008
-0.602327,-9.74729e-009
-0.64408,-1.17917e-008
-0.683996,-8.64998e-009
-0.721962,-1.06612e-008
-0.757869,-7.48904e-009
-0.791615,-9.47053e-009
-0.823104,-6.27157e-009
-0.852245,-8.22711e-009
-0.878956,-5.00521e-009
-0.903161,-6.93879e-009
-0.92479,-3.69804e-009
-0.943782,-5.61382e-009
-0.960083,-2.35845e-009
-0.973645,-4.26075e-009
-0.984432,-9.95113e-010
-0.992411,-2.88834e-009
-0.99756,3.83112e-010
-0.999864,-1.50552e-009
-0.999318,1.76725e-009
-0.995921,-1.21288e-010
-0.989685,3.14829e-009
-0.980626,1.25533e-009
-0.968771,4.51722e-009
-0.954153,2.61538e-009
-0.936815,5.86515e-009
-0.916804,3.95004e-009
-0.89418,7.18334e-009
-0.869005,5.25068e-009
-0.841353,8.4633e-009
-0.811301,6.50895e-009
-0.778936,9.69684e-009
-0.74435,7.71687e-009
-0.707641,1.08762e-008
-0.668914,8.86689e-009
-0.628279,1.19941e-008
-0.585853,9.952e-009
-0.541756,1.30437e-008
-0.496115,1.09659e-008
-0.449058,1.40193e-008
-0.400721,1.1903e-008
-0.351242,1.49157e-008
-0.30076,1.27588e-008
-0.249422,1.5729e-008
-0.197371,1.35301e-008
-0.144759,1.64568e-008
-0.0917325,1.42156e-008
-0.0384453,1.7099e-008
0.0149519,1.48171e-008
0.0683061,1.76654e-008
0.121466,1.53948e-008
0.174279,1.85876e-008
0.226595,1.91589e-008
0.278263,4.34053e-008
0.329124,1.93648e-007
0.378957,1.23705e-006
0.427144,7.86911e-006
0.471221,4.31072e-005
0.50555,0.000161442
0.528088,0.00038178
0.542778,0.000663823
0.553043,0.00097246
0.560727,0.00128827
0.566755,0.00160097
0.57166,0.00190421
0.575698,0.00219447
0.579092,0.00246859
0.581973,0.00272441
0.584426,0.00296026
0.586514,0.00317479
0.588283,0.00336686
0.589766,0.00353554
0.590991,0.00368006
0.591974,0.00379978
0.592732,0.00389419
0.593274,0.00396289
0.593607,0.00400562
0.593735,0.00402218
0.59366,0.00401252
0.593381,0.00397668
0.592895,0.0039148
0.592195,0.00382713
0.591272,0.00371404
0.590113,0.003576
0.5887,0.00341362
0.587009,0.00322763
0.585009,0.00301892
0.582657,0.00278858
0.579895,0.00253788
0.576642,0.00226844
0.572784,0.00198224
0.568149,0.00168192
0.562469,0.00137109
0.555272,0.0010555
0.545809,0.000743656
0.532547,0.000451895
0.512517,0.000210814
0.481456,6.38851e-005
0.439347,1.25624e-005
0.391866,1.98957e-006
0.342372,2.78864e-007
0.291755,2.43384e-008
0.240283,-1.12378e-008
0.188124,-1.63306e-008
0.135427,-1.64116e-008
0.0823437,-1.66039e-008
0.0290258,-1.59989e-008
-0.0243747,-1.60677e-008
-0.0777059,-1.54114e-008
-0.130815,-1.54369e-008
-0.183552,-1.47379e-008
-0.235765,-1.47203e-008
-0.287306,-1.39784e-008
-0.338027,-1.3918e-008
-0.387785,-1.31341e-008
-0.436436,-1.30324e-008
-0.483843,-1.22081e-008
-0.529871,-1.20669e-008
-0.574387,-1.12046e-008
-0.617265,-1.10266e-008
-0.658384,-1.01291e-008
-0.697624,-9.91723e-009
-0.734876,-8.98771e-009
-0.770032,-8.74547e-009
-0.802991,-7.78749e-009
-0.833662,-7.51851e-009
-0.861954,-6.53586e-009
-0.887789,-6.24405e-009
-0.911092,-5.24076e-009
-0.931797,-4.93024e-009
-0.949845,-3.9105e-009
-0.965184,-3.58553e-009
-0.977771,-2.55366e-009
-0.98757,-2.21863e-009
-0.994552,-1.17905e-009
-0.998699,-8.38415e-010
-0.999997,2.04382e-010
-0.998444,5.46124e-010
-0.994044,1.58763e-009
-0.986808,1.92597e-009
-0.976759,2.96168e-009
-0.963925,3.29213e-009
-0.948342,4.31759e-009
-0.930054,4.63573e-009
-0.909115,5.64657e-009
-0.885582,5.94808e-009
-0.859525,6.94004e-009
-0.831016,7.22073e-009
-0.800138,8.1897e-009
-0.766978,8.44556e-009
-0.731631,9.38763e-009
-0.694197,9.61488e-009
-0.654784,1.05264e-008
-0.613504,1.07215e-008
-0.570474,1.15991e-008
-0.525817,1.17588e-008
-0.479661,1.25994e-008
-0.432137,1.2721e-008
-0.383381,1.35222e-008
-0.333532,1.36033e-008
-0.282731,1.43629e-008
-0.231125,1.4402e-008
-0.178859,1.51188e-008
-0.126083,1.5115e-008
-0.0729473,1.57888e-008
-0.0196039,1.57427e-008
0.0337955,1.63764e-008
0.0870985,1.63032e-008
0.140153,1.70008e-008
0.192808,1.76728e-008
0.244912,2.4165e-008
0.296315,6.70921e-008
0.346846,3.69786e-007
0.396214,2.39322e-006
0.443409,1.47404e-005
0.484741,7.25795e-005
0.514707,0.000229052
0.533947,0.000476544
0.546782,0.000771011
0.55599,0.00108375
0.563011,0.00139936
0.56859,0.00170936
0.573168,0.00200835
0.576962,0.00229319
0.580163,0.00256106
0.582884,0.00281001
0.585202,0.00303848
0.587173,0.00324519
0.588837,0.00342911
0.590227,0.00358934
0.591364,0.00372518
0.592267,0.00383601
0.592947,0.00392139
0.593415,0.00398095
0.593675,0.00401446
0.593732,0.00402177
0.593585,0.00400286
0.593234,0.00395781
0.592673,0.00388679
0.591896,0.0037901
0.590891,0.00366814
0.589645,0.00352143
0.588136,0.00335063
0.58634,0.00315651
0.584221,0.00294003
0.581732,0.00270235
0.578808,0.00244483
0.575357,0.00216922
0.571248,0.0018777
0.566281,0.00157318
0.560141,0.00125981
0.55225,0.000944367
0.541675,0.000637208
0.526463,0.000358845
0.502995,0.000146344
0.46759,3.74182e-005
0.422945,6.65796e-006
0.374556,1.00886e-006
0.324617,1.33162e-007
0.273677,2.01656e-009
0.221945,-1.27196e-008
0.169578,-1.79879e-008
0.116728,-1.50312e-008
0.0635448,-1.78659e-008
0.01018,-1.45553e-008
-0.0432131,-1.73088e-008
-0.0964837,-1.39527e-008
-0.149478,-1.66626e-008
-0.202048,-1.32643e-008
-0.25404,-1.59305e-008
-0.305308,-1.249e-008
-0.355706,-1.5113e-008
-0.405089,-1.16314e-008
-0.453317,-1.42127e-008
-0.500253,-1.06916e-008
-0.545761,-1.32333e-008
-0.589714,-9.67528e-009
-0.631985,-1.21801e-008
-0.672454,-8.58794e-009
-0.711005,-1.10589e-008
-0.747528,-7.43597e-009
-0.78192,-9.87662e-009
-0.814082,-6.22639e-009
-0.843923,-8.64043e-009
-0.871357,-4.96677e-009
-0.896306,-7.35816e-009
-0.9187,-3.66513e-009
-0.938473,-6.038e-009
-0.955571,-2.32981e-009
-0.969943,-4.68847e-009
-0.98155,-9.6946e-010
-0.990357,-3.3183e-009
-0.996341,4.0709e-010
-0.999482,-1.9364e-009
-0.999775,1.79088e-009
-0.997215,-5.51768e-010
-0.991813,3.17289e-009
-0.983582,8.26578e-010
-0.972546,4.54412e-009
-0.958737,2.18967e-009
-0.942194,5.89565e-009
-0.922964,3.52865e-009
-0.901102,7.21871e-009
-0.87667,4.83487e-009
-0.849739,8.50476e-009
-0.820384,6.09993e-009
-0.78869,9.74559e-009
-0.754747,7.31579e-009
-0.718652,1.09333e-008
-0.680507,8.47482e-009
-0.640422,1.20606e-008
-0.59851,9.56994e-009
-0.554892,1.31207e-008
-0.509691,1.05947e-008
-0.463038,1.41074e-008
-0.415063,1.15434e-008
-0.365905,1.50157e-008
-0.315703,1.24115e-008
-0.264602,1.58413e-008
-0.212745,1.31955e-008
-0.160283,1.65818e-008
-0.107362,1.38936e-008
-0.0541363,1.72364e-008
-0.000755436,1.45071e-008
0.052627,1.78113e-008
0.10586,1.50702e-008
0.15879,1.85463e-008
0.211268,1.7363e-008
0.263142,3.2577e-008
0.314259,1.15798e-007
0.364428,7.1381e-007
0.413225,4.60153e-006
0.458984,2.68868e-005
0.496755,0.000115218
0.522479,0.000308486
0.539042,0.00057682
0.55035,0.000880316
0.55867,0.00119535
0.565118,0.00150973
0.5703,0.00181639
0.574583,0.00211068
0.578152,0.00238978
0.581174,0.00265117
0.583745,0.00289305
0.585935,0.00311398
0.587793,0.00331276
0.589358,0.00348841
0.590656,0.0036401
0.591709,0.00376718
0.592532,0.00386907
0.593136,0.00394537
0.59353,0.00399576
0.593718,0.00402003
0.593703,0.00401809
0.593485,0.00398994
0.59306,0.00393569
0.592424,0.00385558
0.591568,0.00374992
0.59048,0.00361916
0.589143,0.00346386
0.587537,0.00328473
0.585632,0.0030826
0.583388,0.0028585
0.580754,0.00261364
0.577656,0.00234953
0.573991,0.00206802
0.569606,0.00177152
0.564269,0.00146333
0.557576,0.00114846
0.548898,0.000834213
0.53698,0.000534184
0.519365,0.000273868
0.491908,9.55552e-005
0.452548,2.0929e-005
0.406119,3.46629e-006
0.357065,5.03956e-007
0.306739,5.85411e-008
0.255501,-8.13491e-009
0.203527,-1.43612e-008
0.150973,-1.78132e-008
0.0979874,-1.52533e-008
0.0447231,-1.74913e-008
-0.00866921,-1.47394e-008
-0.0620363,-1.69168e-008
-0.115227,-1.41215e-008
-0.168089,-1.62556e-008
-0.220471,-1.34179e-008
-0.272225,-1.55084e-008
-0.323203,-1.26285e-008
-0.373258,-1.46762e-008
-0.42225,-1.17552e-008
-0.470037,-1.37616e-008
-0.516484,-1.08015e-008
-0.561458,-1.27689e-008
-0.604832,-9.77214e-009
-0.64648,-1.17033e-008
-0.686285,-8.67285e-009
-0.724132,-1.05709e-008
-0.759915,-7.51012e-009
-0.793531,-9.37856e-009
-0.824884,-6.29109e-009
-0.853884,-8.13372e-009
-0.88045,-5.02341e-009
-0.904505,-6.84421e-009
-0.925981,-3.71515e-009
-0.944816,-5.5183e-009
-0.960957,-2.37472e-009
-0.974357,-4.16454e-009
-0.984979,-1.01081e-009
-0.992792,-2.79171e-009
-0.997775,3.67726e-010
-0.999911,-1.40873e-009
-0.999197,1.75191e-009
-0.995633,-2.46087e-011
-0.98923,3.13273e-009
-0.980005,1.35164e-009
-0.967987,4.50119e-009
-0.953208,2.71106e-009
-0.935711,5.84838e-009
-0.915545,4.04482e-009
-0.892769,7.16558e-009
-0.867447,5.34432e-009
-0.839651,8.4443e-009
-0.809461,6.60122e-009
-0.776962,9.67637e-009
-0.742248,7.80753e-009
-0.705418,1.0854e-008
-0.666575,8.95572e-009
-0.625832,1.197e-008
-0.583304,1.00388e-008
-0.539113,1.30176e-008
-0.493384,1.10505e-008
-0.446249,1.39909e-008
-0.397841,1.19852e-008
-0.348299,1.48849e-008
-0.297763,1.28386e-008
-0.246378,1.56957e-008
-0.194291,1.36074e-008
-0.141649,1.6421e-008
-0.0886037,1.42903e-008
-0.0353059,1.70608e-008
0.0180931,1.48895e-008
0.07144,1.76258e-008
0.124584,1.54722e-008
0.177371,1.86016e-008
0.229654,1.96502e-008
0.281278,4.64329e-008
0.332087,2.1525e-007
0.381847,1.38099e-006
0.429892,8.74916e-006
0.47357,4.7193e-005
0.507179,0.000171825
0.529126,0.000397105
0.543479,0.000681502
0.553555,0.000990968
0.561121,0.00130682
0.56707,0.00161912
0.571919,0.00192168
0.575914,0.00221107
0.579275,0.00248416
0.582128,0.00273885
0.584558,0.00297348
0.586626,0.00318672
0.588378,0.00337744
0.589845,0.00354472
0.591055,0.00368779
0.592025,0.00380604
0.59277,0.00389894
0.593299,0.00396613
0.59362,0.00400732
0.593736,0.00402234
0.593649,0.00401114
0.593359,0.00397376
0.59286,0.00391036
0.592147,0.00382118
0.591211,0.0037066
0.590037,0.00356712
0.588609,0.00340332
0.5869,0.00321597
0.584881,0.00300596
0.582506,0.00277438
0.579718,0.00252254
0.576434,0.00225204
0.572535,0.00196494
0.567847,0.00166388
0.562094,0.00135258
0.554788,0.00103694
0.545154,0.000725725
0.531595,0.000435914
0.511034,0.000199175
0.47924,5.86534e-005
0.436651,1.13176e-005
0.388996,1.77864e-006
0.339422,2.47012e-007
0.288749,1.96907e-008
0.237233,-1.17935e-008
0.185037,-1.64711e-008
0.132313,-1.6341e-008
0.0792124,-1.66582e-008
0.0258854,-1.5915e-008
-0.0275153,-1.61182e-008
-0.0808376,-1.53249e-008
-0.133929,-1.54849e-008
-0.186639,-1.46489e-008
-0.238817,-1.47658e-008
-0.290313,-1.38869e-008
-0.340982,-1.3961e-008
-0.390678,-1.30402e-008
-0.439261,-1.30729e-008
-0.48659,-1.21118e-008
-0.532532,-1.21052e-008
-0.576956,-1.11061e-008
-0.619734,-1.10627e-008
-0.660745,-1.00286e-008
-0.699872,-9.95142e-009
-0.737003,-8.88543e-009
-0.772032,-8.77792e-009
-0.80486,-7.68359e-009
-0.835392,-7.54943e-009
-0.863543,-6.43059e-009
-0.889231,-6.27369e-009
-0.912383,-5.13435e-009
-0.932933,-4.95884e-009
-0.950823,-3.80319e-009
-0.966001,-3.61333e-009
-0.978425,-2.44572e-009
-0.988059,-2.2459e-009
-0.994875,-1.07073e-009
-0.998854,-8.65414e-010
-0.999985,3.1281e-010
-0.998264,5.19129e-010
-0.993696,1.6959e-009
-0.986295,1.89871e-009
-0.976081,3.06953e-009
-0.963084,3.26435e-009
-0.94734,4.42477e-009
-0.928895,4.60717e-009
-0.907801,5.75281e-009
-0.884119,5.91849e-009
-0.857915,7.04509e-009
-0.829265,7.18986e-009
-0.79825,8.29332e-009
-0.764958,8.41318e-009
-0.729486,9.48961e-009
-0.691932,9.58076e-009
-0.652406,1.06265e-008
-0.61102,1.06854e-008
-0.567891,1.16971e-008
-0.523142,1.17206e-008
-0.476902,1.26953e-008
-0.429302,1.26806e-008
-0.380478,1.36156e-008
-0.330568,1.35605e-008
-0.279717,1.44539e-008
-0.228067,1.43567e-008
-0.175767,1.52073e-008
-0.122966,1.50672e-008
-0.0698138,1.58747e-008
-0.0164628,1.56925e-008
0.0369351,1.64601e-008
0.0902277,1.62526e-008
0.143263,1.70973e-008
0.19589,1.77338e-008
0.247957,2.50993e-008
0.299313,7.31711e-008
0.349786,4.12248e-007
0.399068,2.6703e-006
0.44606,1.63281e-005
0.486852,7.87269e-005
0.516096,0.000241499
0.534843,0.000492936
0.547405,0.000789104
0.556454,0.00110235
0.563374,0.00141782
0.568884,0.0017273
0.57341,0.00202553
0.577165,0.00230944
0.580335,0.00257625
0.583031,0.00282403
0.585327,0.00305125
0.587279,0.00325665
0.588927,0.0034392
0.590301,0.00359801
0.591424,0.00373239
0.592313,0.00384174
0.592981,0.00392561
0.593436,0.00398364
0.593684,0.00401561
0.593729,0.00402138
0.59357,0.00400093
0.593207,0.00395434
0.592633,0.00388181
0.591843,0.00378362
0.590825,0.00366019
0.589563,0.00351205
0.588039,0.00333984
0.586225,0.00314438
0.584086,0.00292663
0.581573,0.00268773
0.578621,0.0024291
0.575135,0.00215249
0.570982,0.00186011
0.565956,0.00155494
0.559733,0.00124122
0.551715,0.000925924
0.540934,0.000619767
0.525357,0.000344064
0.501259,0.000136902
0.465156,3.40621e-005
0.420166,5.9782e-006
0.371653,8.99692e-007
0.321646,1.17011e-007
0.270654,-2.85104e-010
0.21888,-1.30024e-008
0.166481,-1.80355e-008
0.113607,-1.50033e-008
0.0604092,-1.78702e-008
0.00703856,-1.45199e-008
-0.0463516,-1.731e-008
-0.0996101,-1.39147e-008
-0.152584,-1.66613e-008
-0.205123,-1.32238e-008
-0.257077,-1.59266e-008
-0.308299,-1.2447e-008
-0.35864,-1.51067e-008
-0.40796,-1.15859e-008
-0.456115,-1.42039e-008
-0.502971,-1.06438e-008
-0.548391,-1.32223e-008
-0.592249,-9.62531e-009
-0.634416,-1.2167e-008
-0.674776,-8.53598e-009
-0.71321,-1.1044e-008
-0.749612,-7.38221e-009
-0.783875,-9.85996e-009
-0.815903,-6.17106e-009
-0.845604,-8.62229e-009
-0.872894,-4.91009e-009
-0.897695,-7.33879e-009
-0.919936,-3.60734e-009
-0.939553,-6.01764e-009
-0.956492,-2.27116e-009
-0.970703,-4.66737e-009
-0.982146,-9.10214e-010
-0.990787,-3.29672e-009
-0.996604,4.66674e-010
-0.999579,-1.91461e-009
-0.999703,1.85054e-009
-0.996976,-5.30032e-010
-0.991407,3.23236e-009
-0.98301,8.47997e-010
-0.97181,4.60313e-009
-0.957839,2.21051e-009
-0.941137,5.95394e-009
-0.92175,3.54865e-009
-0.899735,7.27603e-009
-0.875154,4.85378e-009
-0.848079,8.56086e-009
-0.818584,6.11752e-009
-0.786755,9.80023e-009
-0.752682,7.33181e-009
-0.716464,1.09863e-008
-0.678202,8.48907e-009
-0.638006,1.21117e-008
-0.59599,9.58221e-009
-0.552276,1.31697e-008
-0.506986,1.06048e-008
-0.460251,1.41542e-008
-0.412203,1.15513e-008
-0.36298,1.50601e-008
-0.312721,1.24169e-008
-0.261571,1.58832e-008
-0.209674,1.31983e-008
-0.157181,1.66211e-008
-0.104238,1.38939e-008
-0.0509991,1.72732e-008
0.00238615,1.4505e-008
0.055764,1.78463e-008
0.108983,1.50699e-008
0.161891,1.86098e-008
0.214338,1.75916e-008
0.266172,3.43281e-008
0.317239,1.27986e-007
0.367343,7.96704e-007
0.41603,5.12664e-006
0.461492,2.9619e-005
0.498603,0.000123689
0.52366,0.000322668
0.539821,0.000594016
0.550908,0.000898683
0.559093,0.00121395
0.565454,0.00152804
0.570599,0.00183384
0.574812,0.00212753
0.578344,0.00240567
0.581336,0.00266596
0.583884,0.00290664
0.586053,0.00312629
0.587893,0.00332374
0.589441,0.003498
0.590725,0.00364827
0.591764,0.00377387
0.592573,0.00387427
0.593165,0.00394906
0.593547,0.00399791
0.593723,0.00402064
0.593696,0.00401716
0.593465,0.00398747
0.593029,0.00393169
0.59238,0.00385006
0.59151,0.00374291
0.590408,0.00361069
0.589057,0.00345398
0.587433,0.00327347
0.585509,0.00307002
0.583244,0.00284466
0.580585,0.00259862
0.577457,0.00233343
0.573754,0.00205096
0.569321,0.00175368
0.563919,0.00144492
0.557129,0.00112986
0.548304,0.000815995
0.536134,0.000517434
0.518068,0.000260644
0.489904,8.84606e-005
0.44995,1.89299e-005
0.403283,3.10366e-006
0.354135,4.48992e-007
0.303749,4.93699e-008
0.252462,-8.2375e-009
0.20045,-1.55294e-008
0.147866,-1.6794e-008
0.0948606,-1.62672e-008
0.0415843,-1.64501e-008
-0.0118105,-1.57481e-008
-0.0651716,-1.58731e-008
-0.118347,-1.51274e-008
-0.171185,-1.52096e-008
-0.223534,-1.44211e-008
-0.275247,-1.44601e-008
-0.326174,-1.36289e-008
-0.376171,-1.36256e-008
-0.425096,-1.2753e-008
-0.472808,-1.27089e-008
-0.519172,-1.17968e-008
-0.564055,-1.17142e-008
-0.60733,-1.0765e-008
-0.648873,-1.06467e-008
-0.688566,-9.66357e-009
-0.726295,-9.51269e-009
-0.761954,-8.49887e-009
-0.795439,-8.31893e-009
-0.826656,-7.27809e-009
-0.855515,-7.07287e-009
-0.881935,-6.00889e-009
-0.90584,-5.78238e-009
-0.927162,-4.69935e-009
-0.94584,-4.45573e-009
-0.961821,-3.35791e-009
-0.975059,-3.10149e-009
-0.985517,-1.99324e-009
-0.993164,-1.72843e-009
-0.997979,-6.14199e-010
-0.999948,-3.45493e-010
-0.999066,7.70221e-010
-0.995335,1.03832e-009
-0.988765,2.15101e-009
-0.979376,2.414e-009
-0.967194,3.51916e-009
-0.952253,3.77258e-009
-0.934598,4.8658e-009
-0.914277,5.10526e-009
-0.891349,6.1822e-009
-0.865879,6.40342e-009
-0.837941,7.45986e-009
-0.807612,7.65873e-009
-0.774981,8.69065e-009
-0.740139,8.86322e-009
-0.703187,9.8668e-009
-0.66423,1.00094e-008
-0.623379,1.09811e-008
-0.58075,1.10902e-008
-0.536464,1.20268e-008
-0.490649,1.20995e-008
-0.443435,1.2998e-008
-0.394957,1.30317e-008
-0.345352,1.38899e-008
-0.294762,1.38824e-008
-0.243332,1.46984e-008
-0.191208,1.46485e-008
-0.138539,1.54215e-008
-0.0854741,1.53286e-008
-0.032166,1.60589e-008
0.021234,1.59253e-008
0.0745733,1.66229e-008
0.1277,1.65137e-008
0.180462,1.76597e-008
0.23271,2.11571e-008
0.284292,4.88744e-008
0.335046,2.40396e-007
0.384733,1.54067e-006
0.432627,9.72356e-006
0.475882,5.15919e-005
0.508765,0.000182573
0.530138,0.000412629
0.544167,0.000699261
0.554058,0.0010095
0.561509,0.00132536
0.567381,0.00163724
0.572174,0.00193911
0.576128,0.00222761
0.579456,0.00249967
0.582282,0.00275322
0.58469,0.00298663
0.586738,0.00319857
0.588471,0.00338793
0.589923,0.00355381
0.591118,0.00369544
0.592075,0.00381221
0.592807,0.00390361
0.593324,0.00396927
0.593632,0.00400893
0.593737,0.00402241
0.593638,0.00400967
0.593335,0.00397075
0.592824,0.00390582
0.592099,0.00381514
0.591149,0.00369908
0.589961,0.00355815
0.588516,0.00339295
0.586791,0.00320423
0.584751,0.00299292
0.582354,0.00276011
0.579539,0.00250712
0.576223,0.00223559
0.572283,0.00194758
0.567541,0.00164581
0.561714,0.00133406
0.554297,0.00101838
0.544486,0.000707863
0.530619,0.000420109
0.50951,0.000187882
0.476984,5.37659e-005
0.433938,1.01905e-005
0.386119,1.58856e-006
0.336468,2.19499e-007
0.28574,1.46114e-008
0.23418,-1.13473e-008
0.181949,-1.75334e-008
0.129199,-1.53377e-008
0.0760804,-1.76436e-008
0.0227447,-1.49e-008
